subset,model,n,MAE,R2,MdAPE,within_10,within_20
all,Persistence (last test),658,311.73,0.84,5.53,59.27,69.0
all,Ridge (log) residual,658,345.8,0.8,8.14,54.86,69.3
all,RandomForest residual,658,336.04,0.85,8.41,53.34,68.39
all,ExtraTrees residual,658,322.5,0.87,9.82,50.76,66.26
all,LightGBM residual,658,379.53,0.84,12.37,43.47,63.07
changed,ExtraTrees residual,254,510.49,0.66,27.95,18.5,38.58
changed,Persistence (last test),254,545.72,0.56,28.56,26.77,41.73
changed,Ridge (log) residual,254,566.99,0.41,28.64,23.23,40.55
changed,RandomForest residual,254,512.27,0.64,29.09,22.44,40.16
changed,LightGBM residual,254,579.4,0.57,33.8,15.75,35.04
steady,Persistence (last test),404,164.62,0.94,2.65,79.7,86.14
steady,RandomForest residual,404,225.25,0.93,4.15,72.77,86.14
steady,ExtraTrees residual,404,204.32,0.94,4.47,71.04,83.66
steady,Ridge (log) residual,404,206.73,0.94,4.84,74.75,87.38
steady,LightGBM residual,404,253.87,0.93,6.38,60.89,80.69
