scheme,features,model,MAE,R2,MdAPE,within_10,within_20
A temporal,-,Baseline: last test,311.73,0.84,5.53,59.27,69.0
A temporal,-,Baseline: Gilbert-scaled last test,376.32,0.77,8.33,54.14,65.95
A temporal,raw,Ridge (log),1031.19,0.22,45.12,12.61,27.81
B leave-wells-out,raw,Ridge (log),1063.24,-0.16,51.62,5.57,13.06
A temporal,raw,RandomForest,936.36,0.29,38.16,19.91,30.4
B leave-wells-out,raw,RandomForest,1286.19,-0.53,66.52,4.71,8.75
A temporal,raw,ExtraTrees,881.84,0.39,36.65,20.82,28.27
B leave-wells-out,raw,ExtraTrees,1177.29,-0.36,57.9,4.62,9.27
A temporal,raw,HistGB,982.57,0.13,34.86,20.67,33.13
B leave-wells-out,raw,HistGB,1279.12,-0.44,67.71,4.43,9.58
A temporal,raw,LightGBM,967.37,0.18,35.16,18.69,32.52
B leave-wells-out,raw,LightGBM,1205.22,-0.32,61.78,5.48,10.38
A temporal,raw,XGBoost,962.47,0.2,37.43,19.3,33.43
B leave-wells-out,raw,XGBoost,1260.87,-0.43,65.86,4.93,10.26
A temporal,raw+physics,Ridge (log),1032.84,0.16,43.52,18.84,28.27
B leave-wells-out,raw+physics,Ridge (log),1127.25,-0.27,54.65,3.82,8.96
A temporal,raw+physics,RandomForest,844.26,0.52,38.97,15.5,27.51
B leave-wells-out,raw+physics,RandomForest,1379.64,-0.74,74.16,4.56,8.93
A temporal,raw+physics,ExtraTrees,871.81,0.42,37.09,21.28,31.76
B leave-wells-out,raw+physics,ExtraTrees,1310.12,-0.59,70.06,4.19,8.68
A temporal,raw+physics,HistGB,778.46,0.56,37.31,23.25,35.56
B leave-wells-out,raw+physics,HistGB,1356.29,-0.6,73.82,4.4,9.21
A temporal,raw+physics,LightGBM,819.27,0.57,37.74,13.22,28.42
B leave-wells-out,raw+physics,LightGBM,1335.57,-0.61,72.18,5.05,9.58
A temporal,raw+physics,XGBoost,831.68,0.52,38.83,21.28,30.24
B leave-wells-out,raw+physics,XGBoost,1345.68,-0.64,72.97,5.24,10.32
A temporal,raw+physics+memory,Ridge (log),421.43,0.8,13.55,41.79,61.4
B leave-wells-out,raw+physics+memory,Ridge (log),446.37,0.69,20.28,21.53,49.03
A temporal,raw+physics+memory,RandomForest,332.11,0.87,9.68,50.61,67.93
B leave-wells-out,raw+physics+memory,RandomForest,399.36,0.71,15.84,34.09,61.38
A temporal,raw+physics+memory,ExtraTrees,359.49,0.87,11.23,46.5,67.93
B leave-wells-out,raw+physics+memory,ExtraTrees,441.19,0.65,15.84,31.38,59.78
A temporal,raw+physics+memory,HistGB,351.46,0.86,10.86,47.72,63.22
B leave-wells-out,raw+physics+memory,HistGB,457.87,0.65,17.9,30.37,54.2
A temporal,raw+physics+memory,LightGBM,333.19,0.87,10.35,49.39,64.44
B leave-wells-out,raw+physics+memory,LightGBM,536.77,0.59,23.85,23.87,43.12
A temporal,raw+physics+memory,XGBoost,358.77,0.86,10.45,48.94,64.44
B leave-wells-out,raw+physics+memory,XGBoost,540.71,0.58,23.1,24.73,45.03
